{
  "best_model_name": "Random Forest",
  "best_params": {
    "class_weight": "balanced",
    "max_depth": "None",
    "min_samples_leaf": "1",
    "min_samples_split": "2",
    "n_estimators": "200"
  },
  "final_metrics": {
    "Accuracy": 0.9603,
    "Precision": 0.9723,
    "Recall": 0.9476,
    "F1": 0.9598,
    "ROC-AUC": 0.9797
  },
  "model_comparison": {
    "Logistic Regression": {
      "Accuracy": 0.8111111111111111,
      "Recall": 0.8,
      "F1": 0.8086097754462791,
      "Precision": 0.8198199253492142
    },
    "Decision Tree": {
      "Accuracy": 0.9126984126984127,
      "Recall": 0.9142857142857143,
      "F1": 0.9123045610220422,
      "Precision": 0.9119046687629497
    },
    "Random Forest": {
      "Accuracy": 0.9595238095238097,
      "Recall": 0.9444444444444446,
      "F1": 0.9585108705913008,
      "Precision": 0.9741445268583352
    },
    "Naive Bayes": {
      "Accuracy": 0.7611111111111111,
      "Recall": 0.6904761904761905,
      "F1": 0.7416283289777266,
      "Precision": 0.8035874835949617
    }
  },
  "class_labels": {
    "0": "Negative",
    "1": "Positive"
  },
  "features": [
    "Age",
    "Gender",
    "Color",
    "Transparency",
    "Glucose",
    "Protein",
    "pH",
    "Specific Gravity",
    "WBC",
    "RBC",
    "Epithelial Cells",
    "Mucous Threads",
    "Amorphous Urates",
    "Bacteria",
    "Infection_Score",
    "Sediment_Score",
    "pH_Abnormal",
    "SG_Abnormal",
    "Has_Protein",
    "Has_Glucose",
    "Age_Group"
  ],
  "smote_applied": true,
  "k_folds": 5
}